[
    {
        "id": 1,
        "name": "John Doe",
        "img": "https://i.postimg.cc/N0K9J9Wh/1.jpg",
        "date": "2023-01-01",
        "category": "Cardiologist",
        "content": "Lorem ipsum dolor sit amet, consectetur adipiscing elit."
    },
    {
        "id": 2,
        "name": "Jane Smith",
        "img": "https://i.postimg.cc/vTs4ZPDM/2.jpg",
        "date": "2023-02-15",
        "category": "Dermatologist",
        "content": "Sed do eiusmod tempor incididunt ut labore et dolore magna aliqua."
    },
    {
        "id": 3,
        "name": "Alice Johnson",
        "img": "https://i.postimg.cc/wxXtGdbB/3.jpg",
        "date": "2023-12-31",
        "category": "Pediatrician",
        "content": "Ut enim ad minim veniam, quis nostrud exercitation ullamco laboris nisi ut aliquip ex ea commodo consequat."
    },
    {
        "id": 4,
        "name": "Bob Thompson",
        "img": "https://i.postimg.cc/hPKJF3H1/4.jpg",
        "date": "2023-11-28",
        "category": "Cardiologist",
        "content": "Duis aute irure dolor in reprehenderit in voluptate velit esse cillum dolore eu fugiat nulla pariatur."
    },
    {
        "id": 5,
        "name": "Zara Rodriguez",
        "img": "https://i.postimg.cc/wxXtGdbB/1.jpg",
        "date": "2023-09-18",
        "category": "Dermatologist",
        "content": "Excepteur sint occaecat cupidatat non proident, sunt in culpa qui officia deserunt mollit anim id est laborum."
    },
    {
        "id": 6,
        "name": "Zara Rodriguez",
        "img": "https://i.postimg.cc/wxXtGdbB/2.jpg",
        "date": "2023-09-18",
        "category": "Pediatrician",
        "content": "Excepteur sint occaecat cupidatat non proident, sunt in culpa qui officia deserunt mollit anim id est laborum."
    },
    {
        "id": 7,
        "name": "Zara Rodriguez",
        "img": "https://i.postimg.cc/wxXtGdbB/3.jpg",
        "date": "2023-09-18",
        "category": "Cardiologist",
        "content": "Excepteur sint occaecat cupidatat non proident, sunt in culpa qui officia deserunt mollit anim id est laborum."
    },
    {
        "id": 8,
        "name": "Zara Rodriguez",
        "img": "https://i.postimg.cc/wxXtGdbB/4.jpg",
        "date": "2023-09-18",
        "category": "Dermatologist",
        "content": "Excepteur sint occaecat cupidatat non proident, sunt in culpa qui officia deserunt mollit anim id est laborum."
    },
    {
        "id": 9,
        "name": "Zara Rodriguez",
        "img": "https://i.postimg.cc/wxXtGdbB/1.jpg",
        "date": "2023-09-18",
        "category": "Pediatrician",
        "content": "Excepteur sint occaecat cupidatat non proident, sunt in culpa qui officia deserunt mollit anim id est laborum."
    },
    {
        "id": 10,
        "name": "Zara Rodriguez",
        "img": "https://i.postimg.cc/wxXtGdbB/2.jpg",
        "date": "2023-09-18",
        "category": "Cardiologist",
        "content": "Excepteur sint occaecat cupidatat non proident, sunt in culpa qui officia deserunt mollit anim id est laborum."
    },
    {
        "id": 11,
        "name": "Zara Rodriguez",
        "img": "https://i.postimg.cc/wxXtGdbB/3.jpg",
        "date": "2023-09-18",
        "category": "Dermatologist",
        "content": "Excepteur sint occaecat cupidatat non proident, sunt in culpa qui officia deserunt mollit anim id est laborum."
    },
    {
        "id": 12,
        "name": "Zara Rodriguez",
        "img": "https://i.postimg.cc/wxXtGdbB/4.jpg",
        "date": "2023-09-18",
        "category": "Pediatrician",
        "content": "Excepteur sint occaecat cupidatat non proident, sunt in culpa qui officia deserunt mollit anim id est laborum."
    },
    {
        "id": 13,
        "name": "Zara Rodriguez",
        "img": "https://i.postimg.cc/wxXtGdbB/1.jpg",
        "date": "2023-09-18",
        "category": "Cardiologist",
        "content": "Excepteur sint occaecat cupidatat non proident, sunt in culpa qui officia deserunt mollit anim id est laborum."
    },
    {
        "id": 14,
        "name": "Zara Rodriguez",
        "img": "https://i.postimg.cc/wxXtGdbB/2.jpg",
        "date": "2023-09-18",
        "category": "Dermatologist",
        "content": "Excepteur sint occaecat cupidatat non proident, sunt in culpa qui officia deserunt mollit anim id est laborum."
    },
    {
        "id": 15,
        "name": "Zara Rodriguez",
        "img": "https://i.postimg.cc/wxXtGdbB/3.jpg",
        "date": "2023-09-18",
        "category": "Pediatrician",
        "content": "Excepteur sint occaecat cupidatat non proident, sunt in culpa qui officia deserunt mollit anim id est laborum."
    },
    {
        "id": 16,
        "name": "Zara Rodriguez",
        "img": "https://i.postimg.cc/wxXtGdbB/4.jpg",
        "date": "2023-09-18",
        "category": "Cardiologist",
        "content": "Excepteur sint occaecat cupidatat non proident, sunt in culpa qui officia deserunt mollit anim id est laborum."
    },
    {
        "id": 17,
        "name": "Zara Rodriguez",
        "img": "https://i.postimg.cc/vTs4ZPDM/4.jpg",
        "date": "2023-09-18",
        "category": "Dermatologist",
        "content": "Excepteur sint occaecat cupidatat non proident, sunt in culpa qui officia deserunt mollit anim id est laborum."
    },
    {
        "id": 18,
        "name": "Zara Rodriguez",
        "img": "https://i.postimg.cc/vTs4ZPDM/2.jpg",
        "date": "2023-09-18",
        "category": "Pediatrician",
        "content": "Excepteur sint occaecat cupidatat non proident, sunt in culpa qui officia deserunt mollit anim id est laborum."
    },
    {
        "id": 19,
        "name": "Zara Rodriguez",
        "img": "https://i.postimg.cc/wxXtGdbB/3.jpg",
        "date": "2023-09-18",
        "category": "Dermatologist",
        "content": "Excepteur sint occaecat cupidatat non proident, sunt in culpa qui officia deserunt mollit anim id est laborum."
    },
    {
        "id": 20,
        "name": "Zara Rodriguez",
        "img": "https://i.postimg.cc/vTs4ZPDM/2.jpg",
        "date": "2023-09-18",
        "category": "Cardiologist",
        "content": "Excepteur sint occaecat cupidatat non proident, sunt in culpa qui officia deserunt mollit anim id est laborum."
    }
]